{"cameraMode":{"drawMode":0,"name":"Shaded","section":"Shading Mode"},"sceneLighting":true,"audioPlay":false,"sceneViewState":{"m_AlwaysRefresh":false,"showFog":true,"showSkybox":true,"showFlares":true,"showImageEffects":true,"showParticleSystems":true,"showVisualEffectGraphs":true,"m_FxEnabled":true},"in2DMode":false,"pivot":{"x":4.910550594329834,"y":-1.4943962097167969,"z":-0.8984508514404297},"rotation":{"x":-0.00011919566168216988,"y":-0.9913098812103272,"z":0.13161876797676087,"w":-0.0009002350852824748},"size":4.627037525177002,"orthographic":false}