{"cameraMode":{"drawMode":0,"name":"Shaded","section":"Shading Mode"},"sceneLighting":true,"audioPlay":false,"sceneViewState":{"m_AlwaysRefresh":false,"showFog":true,"showSkybox":true,"showFlares":true,"showImageEffects":true,"showParticleSystems":true,"showVisualEffectGraphs":true,"m_FxEnabled":true},"in2DMode":false,"pivot":{"x":37.084468841552737,"y":6.01943302154541,"z":15.523490905761719},"rotation":{"x":0.061329495161771777,"y":-0.06582880020141602,"z":0.004043300170451403,"w":0.9959492087364197},"size":9.744648933410645,"orthographic":false}