{"cameraMode":{"drawMode":0,"name":"Shaded","section":"Shading Mode"},"sceneLighting":true,"audioPlay":false,"sceneViewState":{"m_AlwaysRefresh":false,"showFog":true,"showSkybox":true,"showFlares":true,"showImageEffects":true,"showParticleSystems":true,"showVisualEffectGraphs":true,"m_FxEnabled":true},"in2DMode":false,"pivot":{"x":44.64960861206055,"y":40.14067459106445,"z":11.776906967163086},"rotation":{"x":-0.01793556660413742,"y":0.08388776332139969,"z":0.0015102317556738854,"w":0.9963144063949585},"size":0.0031173655297607185,"orthographic":false}