{"cameraMode":{"drawMode":0,"name":"Shaded","section":"Shading Mode"},"sceneLighting":true,"audioPlay":false,"sceneViewState":{"m_AlwaysRefresh":false,"showFog":true,"showSkybox":true,"showFlares":true,"showImageEffects":true,"showParticleSystems":true,"showVisualEffectGraphs":true,"m_FxEnabled":true},"in2DMode":false,"pivot":{"x":34.675010681152347,"y":3.3256263732910158,"z":11.060983657836914},"rotation":{"x":0.10969657450914383,"y":0.1381920576095581,"z":-0.015406671911478043,"w":0.984197735786438},"size":1.6824393272399903,"orthographic":false}